exec_time,n_threads,matrix_size,optimization
0.009041,1,256,opt2
0.072741,1,512,opt2
0.628958,1,1024,opt2
4.910208,1,2048,opt2
15.913240,1,3072,opt2
39.225236,1,4096,opt2
0.005400,2,256,opt2
0.036515,2,512,opt2
0.307233,2,1024,opt2
2.477119,2,2048,opt2
8.142470,2,3072,opt2
19.572853,2,4096,opt2
0.005355,4,256,opt2
0.022266,4,512,opt2
0.158090,4,1024,opt2
1.226868,4,2048,opt2
4.080896,4,3072,opt2
9.856828,4,4096,opt2
0.008519,8,256,opt2
0.014558,8,512,opt2
0.089513,8,1024,opt2
0.633283,8,2048,opt2
2.101403,8,3072,opt2
5.047159,8,4096,opt2
0.013594,16,256,opt2
0.020887,16,512,opt2
0.065317,16,1024,opt2
0.506571,16,2048,opt2
1.688583,16,3072,opt2
3.954889,16,4096,opt2
0.010605,24,256,opt2
0.027211,24,512,opt2
0.074958,24,1024,opt2
0.459518,24,2048,opt2
1.301647,24,3072,opt2
3.313858,24,4096,opt2
0.025663,1,256,none
0.216338,1,512,none
2.132804,1,1024,none
28.525816,1,2048,none
181.044037,1,3072,none
377.350750,1,4096,none
0.012756,2,256,none
0.109450,2,512,none
1.065410,2,1024,none
26.108697,2,2048,none
68.415325,2,3072,none
199.063579,2,4096,none
0.006467,4,256,none
0.054938,4,512,none
0.527466,4,1024,none
6.703876,4,2048,none
25.078537,4,3072,none
85.092227,4,4096,none
0.012333,8,256,none
0.031973,8,512,none
0.303097,8,1024,none
3.047797,8,2048,none
12.844225,8,3072,none
39.121916,8,4096,none
0.011657,16,256,none
0.032212,16,512,none
0.217185,16,1024,none
4.731604,16,2048,none
10.502325,16,3072,none
39.649524,16,4096,none
0.016491,24,256,none
0.025258,24,512,none
0.167174,24,1024,none
1.949311,24,2048,none
9.690237,24,3072,none
47.471303,24,4096,none
